#{"t_start": 1600182218.320713, "env_id": null}
r,l,t
2.0,151,2.062295
4.0,75,2.871421
4.0,142,4.015318
3.0,76,4.720903
2.0,66,5.103111
4.0,103,5.739414
1.0,67,6.160047
2.0,85,6.679173
2.0,142,7.560546
3.0,129,10.267863
2.0,68,14.162461
3.0,69,18.130854
0.0,69,22.245576
2.0,61,25.778463
3.0,70,29.908211
2.0,136,37.894836
2.0,71,42.047516
1.0,119,49.020554
2.0,70,53.04538
1.0,104,59.086828
4.0,101,65.071119
0.0,63,68.863342
4.0,112,75.55482
3.0,111,82.189653
1.0,69,86.249342
3.0,75,90.666354
3.0,61,94.307508
1.0,60,97.829471
3.0,68,101.880799
1.0,69,105.913633
4.0,110,112.50995
4.0,102,118.46596
1.0,69,122.511665
2.0,132,130.383827
2.0,72,134.651851
1.0,60,138.180303
3.0,78,142.702337
3.0,68,146.671201
3.0,68,150.684805
3.0,85,155.706983
3.0,84,160.634285
5.0,102,166.641775
3.0,75,171.077016
1.0,133,178.855817
1.0,69,182.952393
3.0,75,187.348724
2.0,125,194.694536
2.0,68,198.67092
3.0,125,206.133811
1.0,101,212.154981
3.0,74,216.619507
5.0,108,223.112134
2.0,61,226.781631
0.0,79,231.498905
1.0,60,235.099694
2.0,61,238.768852
4.0,79,243.488379
0.0,61,247.126546
2.0,69,251.235017
5.0,109,257.723569
3.0,68,261.798201
3.0,70,265.930544
2.0,115,272.579102
2.0,72,276.789709
5.0,101,282.804928
2.0,68,286.866974
2.0,63,290.590516
4.0,85,295.582333
1.0,60,299.079203
1.0,61,302.58584
3.0,66,306.422494
0.0,80,311.073124
3.0,104,317.074082
2.0,158,326.239287
0.0,89,331.393007
1.0,69,335.398231
2.0,60,338.868472
2.0,74,343.254229
3.0,134,351.07538
3.0,76,355.472666
1.0,60,358.967105
3.0,74,363.317378
1.0,60,366.808384
3.0,68,370.749561
3.0,67,374.701905
7.0,110,381.233466
2.0,60,384.761805
2.0,68,388.701636
1.0,61,392.267328
2.0,68,396.225506
2.0,68,400.25861
3.0,68,404.207185
4.0,76,408.623454
2.0,60,412.107741
3.0,69,416.116041
1.0,68,420.082084
2.0,69,424.104495
2.0,60,427.603384
3.0,76,431.991499
2.0,68,435.947796
3.0,68,439.880495
3.0,69,443.873836
2.0,60,447.368451
2.0,82,452.097307
4.0,106,458.262491
5.0,85,463.180689
3.0,112,469.676104
4.0,80,474.26085
0.0,60,477.698372
3.0,77,482.148245
4.0,72,486.369854
1.0,60,489.854999
2.0,60,493.343679
2.0,71,497.488151
3.0,71,501.545681
2.0,70,505.615112
3.0,103,511.608226
1.0,61,515.155849
5.0,75,519.512873
2.0,77,523.997744
3.0,77,528.458718
2.0,71,532.55125
2.0,63,536.195619
4.0,101,542.042257
1.0,63,545.697434
2.0,76,550.10348
2.0,60,553.548928
1.0,61,557.067709
4.0,103,563.023378
2.0,68,566.956311
3.0,102,572.846465
2.0,86,577.830627
3.0,76,582.22681
4.0,78,586.752072
6.0,102,592.671979
3.0,132,600.292623
1.0,60,603.764585
4.0,75,608.131311
4.0,77,612.58305
3.0,70,616.635571
3.0,77,621.084262
1.0,66,624.840297
4.0,75,629.1918
1.0,70,633.235888
3.0,135,641.075633
2.0,62,644.670463
1.0,110,651.028056
4.0,75,655.368239
5.0,77,659.823093
2.0,62,663.413196
1.0,120,670.362116
4.0,75,674.67632
4.0,75,678.993631
1.0,60,682.447969
2.0,77,686.829391
2.0,63,690.38501
4.0,77,694.753188
1.0,60,698.150835
3.0,110,704.400889
3.0,70,708.385733
1.0,66,712.190999
3.0,132,719.81177
2.0,71,723.914229
2.0,68,727.84466
4.0,75,732.176309
6.0,112,738.635433
3.0,75,742.989439
6.0,104,748.988589
5.0,131,756.57697
1.0,67,760.676688
3.0,120,767.590883
3.0,76,771.962875
1.0,60,775.408
6.0,84,780.248755
6.0,75,784.866474
3.0,72,789.252159
4.0,111,795.61663
4.0,76,799.952779
3.0,75,804.279233
0.0,82,809.026942
3.0,68,812.950316
3.0,83,817.762987
1.0,68,821.68647
4.0,75,826.008431
3.0,102,831.912865
3.0,76,836.290651
5.0,78,840.786784
4.0,96,846.345086
3.0,89,851.474261
1.0,71,855.58604
1.0,68,859.514164
2.0,76,863.884881
5.0,75,868.238629
5.0,133,875.838327
6.0,101,881.5422
2.0,60,884.956477
3.0,77,889.342515
5.0,125,896.533441
4.0,68,900.467746
3.0,79,905.057134
4.0,69,909.040406
3.0,101,914.832062
2.0,92,920.112822
1.0,68,924.033765
2.0,69,928.000773
4.0,85,932.894223
3.0,113,939.439536
4.0,110,945.771023
3.0,74,950.03535
5.0,101,955.856951
4.0,78,960.345746
3.0,71,964.453384
3.0,75,968.866712
3.0,76,973.285606
1.0,62,976.885571
7.0,250,991.383882
5.0,83,996.161868
4.0,128,1003.527714
1.0,75,1007.8229
10.0,250,1022.203934
4.0,108,1028.672344
2.0,68,1032.570312
4.0,109,1038.843323
4.0,75,1043.137991
3.0,75,1047.690956
4.0,137,1055.809524
3.0,123,1062.858305
5.0,131,1070.363819
4.0,78,1074.858844
4.0,75,1079.191047
2.0,75,1083.48316
4.0,78,1087.999488
3.0,68,1091.89343
4.0,79,1096.428219
4.0,102,1102.236642
3.0,75,1106.515033
2.0,67,1110.336173
5.0,101,1116.129065
3.0,76,1120.490818
3.0,62,1124.041616
4.0,78,1128.539377
3.0,75,1132.815523
6.0,125,1139.975728
2.0,69,1143.958572
3.0,78,1148.43335
1.0,60,1151.866416
3.0,108,1158.043021
3.0,70,1162.048048
5.0,110,1168.359417
3.0,69,1172.324303
1.0,85,1177.179715
5.0,109,1183.395247
5.0,78,1188.010106
4.0,114,1198.85828
2.0,78,1203.247791
0.0,69,1207.189777
7.0,176,1217.196043
4.0,69,1221.124164
6.0,241,1234.830018
4.0,102,1240.628396
4.0,101,1246.345425
4.0,78,1250.788284
7.0,150,1259.324576
4.0,75,1263.590118
4.0,75,1267.840403
3.0,77,1272.203004
3.0,132,1279.90168
5.0,127,1287.125336
4.0,128,1294.414697
3.0,68,1298.305466
3.0,68,1302.171167
4.0,103,1308.082118
1.0,75,1316.699566
4.0,128,1323.960806
3.0,77,1328.328957
3.0,69,1332.244011
2.0,82,1336.873219
4.0,77,1341.227474
4.0,111,1347.502543
1.0,75,1351.726248
4.0,128,1358.971919
2.0,78,1363.371628
4.0,117,1370.020534
5.0,128,1377.273528
3.0,127,1384.455964
3.0,96,1389.780195
4.0,77,1394.142405
5.0,76,1398.445953
2.0,69,1402.308217
4.0,76,1406.58224
2.0,63,1410.14412
2.0,68,1414.030345
3.0,69,1417.915942
5.0,86,1422.719521
5.0,133,1430.161322
2.0,67,1433.920195
1.0,68,1437.743436
2.0,71,1441.748377
3.0,68,1445.562059
1.0,68,1449.378993
4.0,101,1455.051465
3.0,101,1460.723219
3.0,69,1464.609376
4.0,138,1472.420323
5.0,101,1478.104046
4.0,130,1485.405183
3.0,68,1489.230476
9.0,163,1498.513706
2.0,66,1502.200925
4.0,79,1506.641536
7.0,151,1515.111409
1.0,63,1518.636206
4.0,77,1522.940419
2.0,61,1526.385064
4.0,125,1533.391575
4.0,79,1537.828185
3.0,60,1541.180774
2.0,68,1544.962183
5.0,87,1549.831414
2.0,66,1553.513165
4.0,75,1557.699337
2.0,75,1561.913482
3.0,60,1565.307282
4.0,70,1569.21029
3.0,69,1573.079232
4.0,101,1578.723571
4.0,85,1583.461736
2.0,75,1587.657956
2.0,68,1591.480635
2.0,70,1595.376942
2.0,70,1599.300674
3.0,75,1603.472504
3.0,77,1607.764893
3.0,70,1611.680158
7.0,107,1617.640322
4.0,104,1623.445193
4.0,111,1629.693376
4.0,112,1635.948148
3.0,93,1641.14046
4.0,124,1648.079501
3.0,75,1652.262186
1.0,62,1655.748068
4.0,99,1661.214914
4.0,101,1666.832484
4.0,114,1673.316801
4.0,103,1679.120492
2.0,70,1683.081028
4.0,77,1687.516658
3.0,132,1695.139704
2.0,60,1702.936957
2.0,60,1706.306869
2.0,61,1709.721216
3.0,69,1713.59714
6.0,76,1717.896301
1.0,62,1721.453615
4.0,75,1725.671836
2.0,62,1729.163512
3.0,75,1733.41213
7.0,168,1742.974079
4.0,111,1749.275459
4.0,133,1756.959611
3.0,87,1762.033413
3.0,141,1774.448253
3.0,75,1778.722456
3.0,68,1782.614962
4.0,108,1788.866483
3.0,137,1796.880814
5.0,75,1801.262992
4.0,136,1809.222192
3.0,111,1815.723089
3.0,107,1822.002448
6.0,75,1826.35309
3.0,87,1831.437359
3.0,74,1835.791233
1.0,66,1839.63457
2.0,70,1843.72082
4.0,106,1849.933603
5.0,103,1855.90982
3.0,75,1860.281462
2.0,76,1864.727175
2.0,136,1872.643086
3.0,77,1877.132713
1.0,65,1880.920396
1.0,79,1885.511628
4.0,75,1889.894563
5.0,125,1897.174318
5.0,104,1907.477772
3.0,61,1911.018281
3.0,75,1915.388969
3.0,108,1921.65137
2.0,64,1925.406498
1.0,82,1930.180764
1.0,61,1933.743582
5.0,126,1941.114143
4.0,77,1945.626421
3.0,79,1950.237604
4.0,79,1954.845597
7.0,162,1964.31085
4.0,134,1972.104772
4.0,115,1978.801827
4.0,78,1983.311375
5.0,108,1989.651703
3.0,112,1996.199083
5.0,101,2002.084491
3.0,93,2007.551424
4.0,128,2015.047398
3.0,78,2019.584777
3.0,115,2026.284191
2.0,74,2030.63202
2.0,68,2034.609049
3.0,77,2039.12144
9.0,176,2049.436285
4.0,79,2054.064792
4.0,109,2060.396769
4.0,108,2066.561292
3.0,127,2073.79746
6.0,113,2080.34724
4.0,108,2086.622302
3.0,63,2090.293056
3.0,80,2094.94891
2.0,61,2098.507465
4.0,78,2103.046562
6.0,114,2109.676225
4.0,107,2115.915794
4.0,133,2123.668744
5.0,109,2130.011737
4.0,110,2136.394939
4.0,70,2140.475042
4.0,105,2146.590006
5.0,76,2151.046714
3.0,102,2156.994777
5.0,131,2164.668414
2.0,66,2168.52621
3.0,71,2172.746198
4.0,77,2177.249233
4.0,110,2183.65916
5.0,104,2189.703203
5.0,101,2209.782062
2.0,75,2214.169275
4.0,107,2220.4536
3.0,77,2224.956073
1.0,68,2228.923723
3.0,77,2233.450297
3.0,135,2241.325933
2.0,62,2244.929984
4.0,75,2249.321494
5.0,103,2255.332659
3.0,70,2259.425717
3.0,76,2263.893392
3.0,77,2268.432443
5.0,139,2276.568591
5.0,103,2282.593667
3.0,107,2288.88883
7.0,225,2302.085947
3.0,91,2307.340376
4.0,105,2313.439732
5.0,110,2319.881367
4.0,110,2326.301163
4.0,104,2332.3583
4.0,135,2340.232047
2.0,66,2344.09514
2.0,61,2347.652838
4.0,142,2355.915996
3.0,71,2360.032853
3.0,63,2363.696493
4.0,107,2369.923932
3.0,102,2375.866517
2.0,97,2381.495191
6.0,114,2388.124269
3.0,135,2395.943721
3.0,83,2400.77385
5.0,132,2408.448025
4.0,105,2414.552289
2.0,61,2418.091902
4.0,143,2426.395935
5.0,103,2432.385807
1.0,60,2435.892289
2.0,76,2440.320791
5.0,110,2446.68953
5.0,197,2458.152926
2.0,82,2462.921625
6.0,101,2468.831973
3.0,68,2472.784646
3.0,128,2480.23838
3.0,69,2484.25231
5.0,108,2490.553347
4.0,110,2496.947104
2.0,68,2500.88577
4.0,77,2505.349428
5.0,133,2513.085409
2.0,93,2518.513896
5.0,111,2524.993399
5.0,108,2531.295883
6.0,101,2537.182083
3.0,75,2541.578507
3.0,63,2545.244545
3.0,61,2548.805302
4.0,126,2556.164675
4.0,70,2560.243639
5.0,101,2566.12326
4.0,75,2570.479733
6.0,110,2576.858918
4.0,108,2583.166336
4.0,125,2590.461005
4.0,141,2598.655326
4.0,133,2606.43606
3.0,70,2610.540667
3.0,70,2614.728419
2.0,71,2619.925794
4.0,75,2625.071274
4.0,95,2630.704063
4.0,103,2636.682675
3.0,70,2640.758694
4.0,79,2645.507779
1.0,60,2649.037911
2.0,60,2652.587263
4.0,69,2656.596019
2.0,60,2660.115592
4.0,128,2667.603828
4.0,76,2672.040104
6.0,126,2679.398021
6.0,107,2685.640151
3.0,64,2689.363038
2.0,60,2692.859132
4.0,107,2699.106572
5.0,127,2706.509209
5.0,78,2711.072933
5.0,89,2716.247265
2.0,62,2719.857779
4.0,103,2725.845819
1.0,61,2729.408413
4.0,77,2733.888667
4.0,75,2738.266671
2.0,75,2746.81922
3.0,69,2750.857596
5.0,107,2757.11268
6.0,101,2763.030896
6.0,142,2771.360584
6.0,123,2778.543497
1.0,61,2782.101757
4.0,68,2786.040748
12.0,452,2816.766218
5.0,79,2821.605129
4.0,75,2826.274507
4.0,123,2833.746411
4.0,108,2840.308343
4.0,68,2844.269809
5.0,101,2850.155373
3.0,68,2854.127062
5.0,89,2859.325313
3.0,83,2864.133996
4.0,88,2869.224701
5.0,101,2875.112588
6.0,113,2881.683127
5.0,77,2886.172264
4.0,78,2890.70053
4.0,79,2899.508105
4.0,78,2904.063542
3.0,101,2909.884439
4.0,117,2916.726554
6.0,101,2922.601001
4.0,101,2928.494438
3.0,105,2934.616047
2.0,68,2938.593338
3.0,101,2948.80151
4.0,104,2954.864579
2.0,93,2960.316811
5.0,102,2966.275422
4.0,132,2973.960138
3.0,63,2977.653604
4.0,118,2984.51922
3.0,77,2989.013289
4.0,107,2995.259381
5.0,84,3000.147749
1.0,67,3004.069907
5.0,130,3011.635733
5.0,143,3019.986245
2.0,92,3025.335223
5.0,101,3031.210342
3.0,123,3038.39121
4.0,79,3042.995109
2.0,61,3046.55438
2.0,77,3051.04187
5.0,101,3056.933151
4.0,123,3078.286443
4.0,108,3084.559579
4.0,139,3092.680443
3.0,68,3096.625443
10.0,226,3109.747229
6.0,87,3114.795053
1.0,63,3118.479187
3.0,78,3123.008922
6.0,151,3131.803392
4.0,82,3136.580346
3.0,77,3141.056563
5.0,106,3147.247471
5.0,101,3153.092549
10.0,225,3166.217344
3.0,107,3172.438732
3.0,115,3179.136071
2.0,69,3183.149152
2.0,62,3186.756099
4.0,68,3190.732717
1.0,63,3194.395049
3.0,83,3199.200788
1.0,62,3202.803731
5.0,115,3209.510054
5.0,107,3215.747942
4.0,104,3221.812762
2.0,75,3226.160362
4.0,107,3232.386759
1.0,62,3235.985499
3.0,78,3240.510296
5.0,101,3246.39068
3.0,61,3249.952247
3.0,63,3253.637758
4.0,76,3258.042171
3.0,68,3262.009403
4.0,114,3268.65257
5.0,86,3273.65775
4.0,101,3279.532998
5.0,111,3285.993493
7.0,153,3294.905493
2.0,61,3298.454745
4.0,96,3316.871229
2.0,77,3321.470446
4.0,79,3326.115567
4.0,109,3332.522591
0.0,71,3336.702881
5.0,76,3341.161309
3.0,75,3345.467337
5.0,123,3352.58189
2.0,63,3356.216911
5.0,132,3363.855135
3.0,104,3369.839618
3.0,103,3375.794889
2.0,79,3380.340581
2.0,115,3386.974277
5.0,76,3391.355244
3.0,110,3397.702456
5.0,108,3403.947263
6.0,103,3409.88473
5.0,124,3417.015608
4.0,123,3424.159383
4.0,84,3429.026782
2.0,62,3432.602497
3.0,75,3436.940519
3.0,106,3443.05443
5.0,103,3448.991339
4.0,108,3455.231462
4.0,109,3461.499525
5.0,108,3467.729073
2.0,71,3471.836081
2.0,69,3475.82559
2.0,68,3479.771029
4.0,98,3485.46379
5.0,104,3491.484093
6.0,128,3498.903871
4.0,80,3503.509813
6.0,103,3509.429926
6.0,145,3517.812342
4.0,78,3522.31992
5.0,107,3528.5024
5.0,76,3532.901152
3.0,63,3536.527122
5.0,107,3542.713552
3.0,70,3546.770413
4.0,102,3552.647832
4.0,132,3560.273263
4.0,108,3566.538951
3.0,70,3570.59599
5.0,140,3578.669272
3.0,78,3583.170796
2.0,75,3587.502682
4.0,133,3595.183084
5.0,101,3601.015805
3.0,83,3605.834156
3.0,77,3610.280039
1.0,61,3613.824286
2.0,83,3618.599441
4.0,77,3623.040486
3.0,75,3627.347315
18.0,467,3654.223319
4.0,75,3658.550549
1.0,69,3662.552557
5.0,101,3668.400933
3.0,87,3673.477714
4.0,112,3679.924542
2.0,60,3683.398751
5.0,75,3687.714455
4.0,101,3693.549706
5.0,76,3697.94916
3.0,108,3704.174084
3.0,97,3709.768522
3.0,69,3713.749441
5.0,133,3721.405312
5.0,123,3728.534835
7.0,146,3736.946137
5.0,113,3743.479151
4.0,107,3749.660188
4.0,76,3754.066198
2.0,80,3758.678912
2.0,69,3762.638545
3.0,90,3767.822366
1.0,74,3772.087266
1.0,62,3775.671484
5.0,103,3781.631044
4.0,89,3786.792727
5.0,105,3792.839939
3.0,79,3797.429167
7.0,151,3806.124253
0.0,88,3811.170756
4.0,88,3816.269338
5.0,108,3822.499252
7.0,143,3830.730481
3.0,135,3838.520535
6.0,107,3844.683046
3.0,75,3848.999763
2.0,70,3853.047692
2.0,71,3857.145643
5.0,104,3863.136371
5.0,109,3869.444967
2.0,74,3873.696457
4.0,97,3879.322099
3.0,102,3885.225873
3.0,101,3891.0635
4.0,124,3898.253143
4.0,77,3902.6919
2.0,68,3906.632511
6.0,128,3914.029238
6.0,174,3924.075506
5.0,76,3928.474295
4.0,78,3932.948765
4.0,135,3940.761079
2.0,63,3944.398723
2.0,68,3948.316903
5.0,110,3954.669222
5.0,90,3959.871644
4.0,77,3964.317795
5.0,75,3968.654421
3.0,70,3972.700105
9.0,236,3986.326904
4.0,76,3990.722133
4.0,104,3996.763711
5.0,146,4005.167146
5.0,124,4012.340031
5.0,102,4018.231341
2.0,66,4022.046406
2.0,69,4026.035292
3.0,71,4030.130335
4.0,75,4034.411926
3.0,133,4042.09536
4.0,132,4049.735621
5.0,86,4054.722086
3.0,91,4059.981408
4.0,124,4067.164649
5.0,126,4074.428832
3.0,76,4078.828178
3.0,108,4085.079988
6.0,144,4093.395403
10.0,198,4104.81126
5.0,113,4111.27945
3.0,60,4114.757243
4.0,75,4119.089305
4.0,107,4125.271448
2.0,71,4129.380662
2.0,68,4133.288664
5.0,108,4139.508079
9.0,195,4150.752734
4.0,83,4155.558099
5.0,110,4161.911757
5.0,76,4166.318853
8.0,145,4174.692458
5.0,126,4181.918367
4.0,124,4189.05871
4.0,77,4193.492277
5.0,79,4198.06139
4.0,109,4204.601648
1.0,63,4208.239671
5.0,224,4221.191557
5.0,90,4226.390688
1.0,61,4229.923797
4.0,125,4237.168637
1.0,67,4241.019607
2.0,74,4245.269965
3.0,72,4249.420589
5.0,84,4254.268287
3.0,80,4258.901155
5.0,90,4264.120244
10.0,226,4277.177866
5.0,104,4283.177653
5.0,107,4289.352074
9.0,200,4300.91097
5.0,114,4307.478755
5.0,108,4313.702656
4.0,103,4319.966372
4.0,80,4324.88584
2.0,62,4328.48551
10.0,166,4338.141243
6.0,125,4345.677101
1.0,61,4349.23322
4.0,109,4355.598231
4.0,71,4359.716556
4.0,101,4365.596045
4.0,103,4371.614645
3.0,60,4375.118011
6.0,76,4379.544169
4.0,80,4384.230254
4.0,117,4391.038179
3.0,111,4397.504641
5.0,103,4403.518744
4.0,77,4408.005018
7.0,142,4416.268946
3.0,76,4420.701177
4.0,71,4424.842398
4.0,101,4430.748912
4.0,68,4434.69992
3.0,75,4439.05716
5.0,116,4445.814875
10.0,294,4462.959727
2.0,76,4467.391025
5.0,109,4473.731249
4.0,101,4479.607939
5.0,107,4485.837561
6.0,101,4491.725361
5.0,108,4498.04856
4.0,92,4503.407142
8.0,201,4515.133241
3.0,107,4521.353237
1.0,60,4524.843726
4.0,109,4531.167867
6.0,147,4539.752565
3.0,75,4544.143187
6.0,101,4550.009874
3.0,79,4554.605215
5.0,108,4560.9031
5.0,104,4566.990306
2.0,63,4570.639594
5.0,112,4577.129671
2.0,61,4580.651515
2.0,77,4585.109149
3.0,74,4589.413819
4.0,69,4593.413055
4.0,109,4599.759655
4.0,114,4606.421441
3.0,73,4610.684222
4.0,76,4615.119929
4.0,75,4619.476034
4.0,139,4627.541042
5.0,104,4633.603651
5.0,83,4638.424652
3.0,72,4642.600348
4.0,78,4647.166338
4.0,95,4652.716879
4.0,88,4657.868429
4.0,84,4662.771191
2.0,68,4666.743116
2.0,67,4670.641238
5.0,112,4677.147146
5.0,108,4683.446244
8.0,143,4691.798879
4.0,76,4696.223795
3.0,75,4700.582604
4.0,125,4707.839788
10.0,278,4724.069411
4.0,76,4728.483825
4.0,76,4732.908694
2.0,66,4736.744817
9.0,168,4746.542474
5.0,87,4751.621213
4.0,104,4757.680758
4.0,68,4761.646045
13.0,290,4778.533846
4.0,92,4783.890959
2.0,70,4787.984312
4.0,102,4793.911402
6.0,141,4802.136674
5.0,76,4806.606597
5.0,83,4811.451017
4.0,75,4815.840874
3.0,92,4821.191314
5.0,101,4827.092874
3.0,128,4834.568675
4.0,107,4840.823961
4.0,76,4845.246377
3.0,85,4850.17612
3.0,70,4854.239573
4.0,108,4860.526834
4.0,104,4866.586462
2.0,83,4871.4342
4.0,86,4876.454148
4.0,69,4880.472551
3.0,89,4885.671111
5.0,128,4893.119502
3.0,75,4897.477185
5.0,82,4902.245771
3.0,80,4906.914703
6.0,142,4915.16727
3.0,78,4919.708444
5.0,102,4925.664567
3.0,69,4929.695606
5.0,87,4934.778241
3.0,71,4938.918919
4.0,104,4945.009924
4.0,78,4949.545742
6.0,129,4957.121148
2.0,68,4961.073509
2.0,85,4966.035952
6.0,109,4972.391403
5.0,103,4978.407237
2.0,67,4982.347071
3.0,110,4988.784708
1.0,61,4992.339606
8.0,207,5004.369983
14.0,264,5019.766177
4.0,124,5026.989789
3.0,71,5031.132385
7.0,166,5040.83525
8.0,141,5049.057979
4.0,83,5053.925934
5.0,108,5060.216729
5.0,127,5067.618345
4.0,80,5072.301295
4.0,112,5079.071292
2.0,68,5083.025029
4.0,101,5088.923868
6.0,128,5096.385753
4.0,88,5101.519312
9.0,158,5110.762735
6.0,88,5115.89914
3.0,75,5120.274352
5.0,103,5126.283865
16.0,481,5154.345297
5.0,90,5159.572562
4.0,85,5164.531588
4.0,82,5169.30883
3.0,87,5174.36182
5.0,109,5180.709046
7.0,164,5190.242553
5.0,128,5197.692729
3.0,95,5203.246254
3.0,75,5207.602982
9.0,224,5220.647733
3.0,76,5225.0792
2.0,63,5228.753895
3.0,74,5233.077003
5.0,110,5239.469824
4.0,103,5245.471362
4.0,68,5249.422901
10.0,222,5262.376985
7.0,147,5270.919473
11.0,232,5284.445939
5.0,110,5290.802597
6.0,131,5298.437414
1.0,68,5302.406698
8.0,268,5317.990709
10.0,219,5330.758841
4.0,83,5335.867488
4.0,76,5340.288857
7.0,151,5349.137789
4.0,105,5355.241663
4.0,80,5359.897769
8.0,182,5370.495424
4.0,79,5375.098647
5.0,101,5380.999122
6.0,129,5388.546234
3.0,74,5392.839477
4.0,79,5397.440953
6.0,126,5404.782353
12.0,221,5417.630302
8.0,240,5431.614484
2.0,68,5435.563108
6.0,107,5441.803411
6.0,230,5455.176434
4.0,82,5459.960345
4.0,79,5464.565065
14.0,273,5480.452787
9.0,223,5493.439393
4.0,77,5498.149701
11.0,231,5511.246888
4.0,83,5516.089869
2.0,68,5520.029856
4.0,78,5524.582583
3.0,70,5528.673474
4.0,104,5534.73059
4.0,86,5539.742868
3.0,76,5544.179272
4.0,75,5548.543382
4.0,84,5553.450003
1.0,74,5557.768001
3.0,60,5561.248817
3.0,75,5565.606707
4.0,79,5570.2252
3.0,117,5577.034759
3.0,85,5581.948059
4.0,79,5586.570051
5.0,102,5592.496047
4.0,75,5596.864783
3.0,76,5601.292449
5.0,126,5608.642019
5.0,123,5615.81077
4.0,75,5620.170842
6.0,165,5629.776367
5.0,126,5637.125335
4.0,77,5641.570243
7.0,159,5650.84574
4.0,77,5655.321939
1.0,67,5659.230738
2.0,77,5663.684621
5.0,103,5669.669459
6.0,105,5675.802663
1.0,71,5679.954808
7.0,146,5688.476364
10.0,289,5707.058015
9.0,204,5719.464524
4.0,82,5724.521235
5.0,84,5729.597674
6.0,143,5738.275949
5.0,88,5743.692848
7.0,145,5752.603078
5.0,76,5757.281665
10.0,214,5770.232334
15.0,469,5798.057781
5.0,107,5804.630591
10.0,150,5813.467811
6.0,190,5824.677144
4.0,90,5830.036225
5.0,111,5836.555223
2.0,73,5840.839698
6.0,108,5847.227379
4.0,104,5853.362779
2.0,60,5856.917767
2.0,67,5860.869018
5.0,110,5867.34508
3.0,68,5871.346576
21.0,503,5900.951432
2.0,66,5904.832034
11.0,223,5917.912589
4.0,78,5922.529322
5.0,141,5930.801814
3.0,62,5934.444128
4.0,71,5938.630198
2.0,67,5942.580996
4.0,75,5947.024282
4.0,77,5951.554345
3.0,68,5955.562546
4.0,68,5959.551718
3.0,86,5964.591649
2.0,69,5968.654175
2.0,77,5973.190899
5.0,103,5979.285847
5.0,111,5985.797626
10.0,169,5995.735428
4.0,71,5999.89224
5.0,104,6006.038276
3.0,71,6010.20918
4.0,85,6015.208623
4.0,117,6022.121741
6.0,197,6033.676434
6.0,143,6046.23602
9.0,167,6056.047121
9.0,198,6067.668841
2.0,62,6071.27679
3.0,71,6075.413616
1.0,60,6078.934732
7.0,151,6087.775139
17.0,502,6117.218899
4.0,71,6121.368209
11.0,238,6135.367104
4.0,84,6140.3063
5.0,84,6145.214799
4.0,101,6151.101224
4.0,80,6155.785544
2.0,68,6159.801977
9.0,159,6169.108885
5.0,84,6174.015671
2.0,60,6177.520104
2.0,60,6181.032222
12.0,282,6197.541116
2.0,60,6201.055466
4.0,71,6205.199995
4.0,124,6212.471053
3.0,76,6216.920405
5.0,102,6222.898852
4.0,79,6227.530709
5.0,104,6233.683966
4.0,96,6239.275167
5.0,106,6245.483114
7.0,151,6254.32692
4.0,97,6259.988683
4.0,82,6264.788349
4.0,112,6271.330196
5.0,102,6277.372196
2.0,62,6280.97527
3.0,68,6284.976255
13.0,280,6301.371692
5.0,102,6307.377259
4.0,133,6315.205083
2.0,69,6319.260548
14.0,490,6347.993697
3.0,111,6354.464157
4.0,101,6360.397469
4.0,76,6364.84758
2.0,60,6368.379391
5.0,85,6373.363365
2.0,75,6377.763327
2.0,63,6381.432498
2.0,60,6384.930557
4.0,80,6389.626278
8.0,179,6400.185489
2.0,60,6403.729276
5.0,75,6408.153814
4.0,69,6412.246166
3.0,62,6415.879502
1.0,75,6420.260202
5.0,101,6426.189471
4.0,78,6430.75666
4.0,86,6435.792101
15.0,478,6463.737613
3.0,103,6469.786829
16.0,458,6496.618871
10.0,198,6508.194226
3.0,71,6512.325724
14.0,270,6528.101395
16.0,266,6543.705208
6.0,126,6551.304589
14.0,282,6568.294936
3.0,75,6573.082277
0.0,68,6577.371708
3.0,75,6581.905095
6.0,128,6589.476559
9.0,220,6602.782594
4.0,84,6607.936226
7.0,151,6617.020758
2.0,97,6622.854835
3.0,70,6627.163458
6.0,126,6635.099388
4.0,77,6639.791555
5.0,87,6645.028161
5.0,78,6649.61887
5.0,111,6656.219238
4.0,79,6660.975914
14.0,274,6677.522436
5.0,90,6682.844219
10.0,232,6696.731956
6.0,124,6704.210181
6.0,151,6713.101329
10.0,160,6722.73844
11.0,192,6734.256134
4.0,84,6739.330889
2.0,70,6743.506819
6.0,108,6750.048204
3.0,75,6754.51623
4.0,79,6759.219184
11.0,196,6771.064092
4.0,78,6775.807348
4.0,75,6780.360643
5.0,167,6790.536867
8.0,159,6800.052286
4.0,80,6804.850721
6.0,101,6810.9349
5.0,102,6817.068591
8.0,153,6826.139853
10.0,222,6839.506711
11.0,191,6851.335411
4.0,87,6856.577087
9.0,164,6866.370938
11.0,198,6878.143089
1.0,69,6882.278383
16.0,502,6913.170766
1.0,61,6916.906862
5.0,101,6922.902721
3.0,82,6927.777809
8.0,161,6937.485696
4.0,88,6943.257207
2.0,61,6947.040971
5.0,108,6953.576773
2.0,87,6958.720654
5.0,101,6964.713057
4.0,78,6969.361376
12.0,230,6987.310514
3.0,77,6991.855271
5.0,101,6997.928663
3.0,83,7002.931601
5.0,88,7008.098604
4.0,85,7013.216347
9.0,196,7025.06607
2.0,74,7029.431511
6.0,150,7038.361872
2.0,104,7044.636362
3.0,62,7048.398607
5.0,125,7056.145927
7.0,201,7068.342188
5.0,111,7075.060934
2.0,88,7080.410326
2.0,96,7086.231803
5.0,125,7093.924823
5.0,111,7100.583174
5.0,75,7104.946253
3.0,108,7111.391539
14.0,495,7141.597292
5.0,102,7147.79852
5.0,77,7152.466604
5.0,101,7158.543549
5.0,85,7163.677584
4.0,79,7168.444862
6.0,107,7174.920575
4.0,78,7179.63361
3.0,76,7184.201501
7.0,141,7192.858006
4.0,88,7198.055095
3.0,76,7202.52435
3.0,92,7208.080952
3.0,132,7216.019556
4.0,87,7221.347296
1.0,61,7225.022392
5.0,85,7230.178658
20.0,517,7261.98759
4.0,75,7266.57027
5.0,101,7272.693328
2.0,60,7276.331896
1.0,61,7280.012187
5.0,88,7285.329631
8.0,207,7297.917729
10.0,183,7308.988554
5.0,121,7316.393077
4.0,78,7321.179049
5.0,142,7329.837594
3.0,63,7333.663683
11.0,239,7348.203314
3.0,84,7353.317421
9.0,176,7363.988514
12.0,191,7375.610594
6.0,157,7385.138287
4.0,86,7390.358538
4.0,79,7395.165963
4.0,115,7402.199075
7.0,166,7412.351105
8.0,172,7422.79756
3.0,75,7427.361252
3.0,108,7433.934951
1.0,84,7439.062994
2.0,111,7445.938653
6.0,177,7457.673455
6.0,101,7463.923955
5.0,101,7470.166223
7.0,124,7477.816426
10.0,201,7493.830295
4.0,77,7498.644923
5.0,110,7505.416515
9.0,157,7514.96878
